image,date,time,lat,lon,alt,pitch,roll,azimuth,GPS_speed
DSC00003.JPG,2020/04/30,"04:47:07,00",61.521366000,30.339928000,18.300,0.500,0.000,140.000,0.000
DSC00004.JPG,2020/04/30,"04:47:07,00",61.521366000,30.339928000,18.300,0.500,0.000,140.000,0.000
DSC00005.JPG,2020/04/30,"04:47:09,00",61.521366000,30.339930000,18.400,0.600,-0.400,140.000,0.000
DSC00006.JPG,2020/04/30,"04:47:10,00",61.521366000,30.339931000,18.600,0.600,-0.500,140.000,0.000
DSC00007.JPG,2020/04/30,"05:00:10,00",61.503338000,30.437277000,295.600,0.700,1.800,97.000,81.360
DSC00008.JPG,2020/04/30,"05:00:11,00",61.503239000,30.437824000,296.000,0.600,1.800,102.000,82.080
DSC00009.JPG,2020/04/30,"05:00:12,00",61.503143000,30.438366000,296.200,-0.200,0.300,100.000,82.080
DSC00010.JPG,2020/04/30,"05:00:13,00",61.503056000,30.438856000,295.800,-2.200,1.000,100.000,79.920
DSC00011.JPG,2020/04/30,"05:00:15,00",61.502953000,30.439390000,295.600,1.400,0.800,99.000,80.280
DSC00012.JPG,2020/04/30,"05:00:16,00",61.502850000,30.439970000,295.500,0.500,1.300,100.000,78.840
DSC00013.JPG,2020/04/30,"05:00:17,00",61.502750000,30.440500000,295.000,1.100,1.000,103.000,78.120
DSC00014.JPG,2020/04/30,"05:00:18,00",61.502655000,30.440985000,294.800,-0.900,2.000,102.000,75.600
DSC00015.JPG,2020/04/30,"05:00:19,00",61.502556000,30.441532000,295.600,-1.500,2.800,104.000,79.560
DSC00016.JPG,2020/04/30,"05:00:21,00",61.502472000,30.442028000,297.200,1.600,0.000,103.000,80.280
DSC00017.JPG,2020/04/30,"05:00:22,00",61.502380000,30.442587000,297.500,1.700,0.900,101.000,78.120
DSC00018.JPG,2020/04/30,"05:00:23,00",61.502285000,30.443151000,296.400,1.100,0.000,103.000,86.040
DSC00019.JPG,2020/04/30,"05:00:24,00",61.502193000,30.443665000,295.300,0.400,0.300,99.000,84.600
DSC00020.JPG,2020/04/30,"05:00:25,00",61.502090000,30.444218000,294.600,-3.900,2.400,101.000,87.120
DSC00021.JPG,2020/04/30,"05:00:27,00",61.502010000,30.444679000,296.300,-1.900,0.600,104.000,81.000
DSC00022.JPG,2020/04/30,"05:00:28,00",61.501907000,30.445295000,298.100,4.600,-0.100,100.000,78.480
DSC00023.JPG,2020/04/30,"05:00:29,00",61.501827000,30.445761000,297.900,0.800,-0.500,104.000,78.120
DSC00024.JPG,2020/04/30,"05:00:31,00",61.501728000,30.446327000,296.700,3.500,-1.100,103.000,77.040
DSC00025.JPG,2020/04/30,"05:00:32,00",61.501633000,30.446859000,295.800,1.200,2.300,104.000,76.320
DSC00026.JPG,2020/04/30,"05:00:33,00",61.501530000,30.447405000,295.700,0.300,2.000,105.000,78.120
DSC00027.JPG,2020/04/30,"05:00:34,00",61.501431000,30.447905000,295.600,-1.700,1.400,103.000,79.200
DSC00028.JPG,2020/04/30,"05:00:35,00",61.501328000,30.448456000,295.300,-0.700,1.200,99.000,82.440
DSC00029.JPG,2020/04/30,"05:00:37,00",61.501240000,30.448940000,295.400,0.100,0.900,105.000,84.240
DSC00030.JPG,2020/04/30,"05:00:38,00",61.501133000,30.449469000,295.600,0.800,0.000,102.000,81.000
DSC00031.JPG,2020/04/30,"05:00:39,00",61.501015000,30.450048000,296.000,0.400,0.800,105.000,78.120
DSC00032.JPG,2020/04/30,"05:00:40,00",61.500912000,30.450569000,296.500,-2.100,0.600,101.000,76.320
DSC00033.JPG,2020/04/30,"05:00:42,00",61.500813000,30.451044000,296.300,-1.200,0.600,99.000,76.680
DSC00034.JPG,2020/04/30,"05:00:43,00",61.500706000,30.451591000,296.100,2.000,2.100,103.000,78.480
DSC00035.JPG,2020/04/30,"05:00:44,00",61.500595000,30.452145000,296.500,4.100,-0.100,103.000,79.560
DSC00036.JPG,2020/04/30,"05:00:45,00",61.500492000,30.452648000,296.000,0.500,1.300,104.000,81.000
DSC00037.JPG,2020/04/30,"05:00:46,00",61.500374000,30.453203000,295.900,-0.900,1.900,102.000,83.520
DSC00038.JPG,2020/04/30,"05:00:48,00",61.500263000,30.453682000,295.900,-0.500,0.500,100.000,83.880
DSC00039.JPG,2020/04/30,"05:00:49,00",61.500145000,30.454210000,294.900,-3.800,1.800,106.000,82.800
DSC00040.JPG,2020/04/30,"05:00:50,00",61.500031000,30.454733000,295.900,0.600,0.800,106.000,81.360
DSC00041.JPG,2020/04/30,"05:00:51,00",61.499924000,30.455240000,297.400,0.800,-0.900,109.000,80.280
DSC00042.JPG,2020/04/30,"05:00:53,00",61.499802000,30.455795000,297.400,3.300,-1.300,108.000,82.800
DSC00043.JPG,2020/04/30,"05:00:54,00",61.499714000,30.456280000,297.000,-1.400,-0.300,110.000,81.360
DSC00044.JPG,2020/04/30,"05:00:55,00",61.499584000,30.456802000,297.800,-5.000,-1.500,106.000,80.280
DSC00045.JPG,2020/04/30,"05:00:57,00",61.499481000,30.457336000,297.400,-1.800,-1.400,103.000,79.560
DSC00046.JPG,2020/04/30,"05:00:58,00",61.499393000,30.457850000,297.100,1.400,-1.600,104.000,79.560
DSC00047.JPG,2020/04/30,"05:00:59,00",61.499294000,30.458372000,297.000,0.600,-1.300,108.000,79.200
DSC00048.JPG,2020/04/30,"05:01:01,00",61.499207000,30.458927000,297.300,-0.500,-0.200,104.000,75.960
DSC00049.JPG,2020/04/30,"05:01:02,00",61.499111000,30.459433000,296.700,0.300,0.500,103.000,75.600
DSC00050.JPG,2020/04/30,"05:01:04,00",61.499020000,30.459957000,296.100,2.400,1.000,109.000,76.680
DSC00051.JPG,2020/04/30,"05:01:05,00",61.498936000,30.460476000,295.900,0.200,2.100,100.000,74.880
DSC00052.JPG,2020/04/30,"05:01:06,00",61.498848000,30.461008000,295.600,3.900,1.800,105.000,74.880
DSC00053.JPG,2020/04/30,"05:01:08,00",61.498756000,30.461596000,294.900,2.500,2.800,105.000,75.600
DSC00054.JPG,2020/04/30,"05:01:09,00",61.498638000,30.462149000,294.600,1.100,4.100,104.000,74.520
DSC00055.JPG,2020/04/30,"05:01:10,00",61.498550000,30.462616000,294.800,-1.100,2.900,105.000,77.040
DSC00056.JPG,2020/04/30,"05:01:12,00",61.498447000,30.463133000,294.800,-1.800,2.900,102.000,78.120
DSC00057.JPG,2020/04/30,"05:01:13,00",61.498337000,30.463709000,294.900,-1.300,3.100,102.000,79.200
DSC00058.JPG,2020/04/30,"05:01:14,00",61.498238000,30.464239000,295.100,0.800,2.600,101.000,79.920
DSC00059.JPG,2020/04/30,"05:01:15,00",61.498150000,30.464727000,295.200,0.600,2.700,101.000,80.280
DSC00060.JPG,2020/04/30,"05:01:17,00",61.498035000,30.465263000,295.600,-0.300,1.800,104.000,80.640
DSC00061.JPG,2020/04/30,"05:01:18,00",61.497936000,30.465742000,295.600,-0.900,1.300,101.000,79.920
DSC00062.JPG,2020/04/30,"05:01:19,00",61.497826000,30.466284000,295.600,0.100,1.200,101.000,82.080
DSC00063.JPG,2020/04/30,"05:01:20,00",61.497711000,30.466827000,295.300,-0.100,1.200,101.000,80.640
DSC00064.JPG,2020/04/30,"05:01:21,00",61.497608000,30.467321000,295.000,-0.300,1.900,101.000,81.000
DSC00065.JPG,2020/04/30,"05:01:23,00",61.497494000,30.467863000,294.600,0.600,1.400,103.000,82.080
DSC00066.JPG,2020/04/30,"05:01:24,00",61.497383000,30.468393000,294.000,-0.300,0.800,104.000,82.080
DSC00067.JPG,2020/04/30,"05:01:25,00",61.497261000,30.468857000,293.600,-1.300,2.800,107.000,80.280
DSC00068.JPG,2020/04/30,"05:01:26,00",61.497128000,30.469372000,294.100,-0.300,2.100,105.000,78.480
DSC00069.JPG,2020/04/30,"05:01:28,00",61.497013000,30.469948000,295.300,-3.200,1.100,102.000,81.720
DSC00070.JPG,2020/04/30,"05:01:29,00",61.496922000,30.470400000,296.300,-1.600,-1.300,102.000,81.720
DSC00071.JPG,2020/04/30,"05:01:30,00",61.496815000,30.470913000,296.100,-1.200,0.000,100.000,78.480
DSC00072.JPG,2020/04/30,"05:01:31,00",61.496700000,30.471493000,296.100,1.700,1.000,106.000,78.120
DSC00073.JPG,2020/04/30,"05:01:33,00",61.496601000,30.472027000,296.600,1.200,0.500,102.000,78.120
DSC00074.JPG,2020/04/30,"05:01:34,00",61.496510000,30.472570000,296.300,1.900,-0.300,104.000,78.840
DSC00075.JPG,2020/04/30,"05:01:35,00",61.496399000,30.473070000,296.500,-3.200,1.500,99.000,83.160
DSC00076.JPG,2020/04/30,"05:01:36,00",61.496296000,30.473627000,297.100,-3.000,0.000,98.000,83.880
DSC00077.JPG,2020/04/30,"05:01:37,00",61.496208000,30.474134000,297.200,3.100,-1.600,98.000,82.440
DSC00078.JPG,2020/04/30,"05:01:39,00",61.496113000,30.474684000,296.400,0.500,0.000,98.000,80.280
DSC00079.JPG,2020/04/30,"05:01:40,00",61.496017000,30.475243000,295.700,0.000,1.500,104.000,83.520
DSC00080.JPG,2020/04/30,"05:01:41,00",61.495911000,30.475723000,296.900,-2.900,0.200,97.000,81.720
DSC00081.JPG,2020/04/30,"05:01:42,00",61.495815000,30.476259000,297.200,-4.400,0.300,100.000,81.360
DSC00082.JPG,2020/04/30,"05:01:43,00",61.495731000,30.476740000,296.900,-0.300,-0.800,96.000,80.640
DSC00083.JPG,2020/04/30,"05:01:45,00",61.495636000,30.477312000,296.100,1.100,0.400,100.000,80.640
DSC00084.JPG,2020/04/30,"05:01:46,00",61.495544000,30.477831000,296.000,2.000,0.600,100.000,76.680
DSC00085.JPG,2020/04/30,"05:01:47,00",61.495449000,30.478348000,296.300,0.700,0.900,98.000,76.680
DSC00086.JPG,2020/04/30,"05:01:49,00",61.495354000,30.478926000,297.200,1.400,-1.800,103.000,79.200
DSC00087.JPG,2020/04/30,"05:01:50,00",61.495274000,30.479446000,297.000,-0.900,0.900,95.000,77.040
DSC00088.JPG,2020/04/30,"05:01:51,00",61.495155000,30.480024000,296.900,0.700,0.000,97.000,79.560
DSC00089.JPG,2020/04/30,"05:01:52,00",61.495064000,30.480511000,295.900,2.300,0.300,101.000,80.280
DSC00090.JPG,2020/04/30,"05:01:54,00",61.494968000,30.481037000,295.100,-2.900,2.000,97.000,78.120
DSC00091.JPG,2020/04/30,"05:01:55,00",61.494873000,30.481512000,295.400,0.500,2.300,99.000,78.480
DSC00092.JPG,2020/04/30,"05:01:56,00",61.494778000,30.482044000,296.000,3.100,1.200,99.000,79.200
DSC00093.JPG,2020/04/30,"05:01:57,00",61.494656000,30.482632000,296.300,2.600,0.500,101.000,78.840
DSC00094.JPG,2020/04/30,"05:01:59,00",61.494545000,30.483160000,296.400,3.600,1.500,102.000,78.840
DSC00095.JPG,2020/04/30,"05:02:00,00",61.494431000,30.483627000,295.900,0.500,-0.100,104.000,77.760
DSC00096.JPG,2020/04/30,"05:02:01,00",61.494308000,30.484163000,296.300,2.500,1.600,108.000,80.640
DSC00097.JPG,2020/04/30,"05:02:02,00",61.494179000,30.484695000,296.700,0.300,-0.200,107.000,82.800
DSC00098.JPG,2020/04/30,"05:02:03,00",61.494068000,30.485176000,296.300,2.700,0.400,107.000,81.000
DSC00099.JPG,2020/04/30,"05:02:05,00",61.493935000,30.485699000,296.000,-0.900,1.300,106.000,78.840
DSC00100.JPG,2020/04/30,"05:02:06,00",61.493816000,30.486160000,295.900,1.200,1.800,105.000,79.920
DSC00101.JPG,2020/04/30,"05:02:07,00",61.493679000,30.486675000,295.800,3.000,0.900,105.000,78.120
DSC00102.JPG,2020/04/30,"05:02:08,00",61.493538000,30.487188000,295.700,0.900,1.800,108.000,79.200
DSC00103.JPG,2020/04/30,"05:02:09,00",61.493401000,30.487652000,296.000,2.200,1.000,111.000,79.200
DSC00104.JPG,2020/04/30,"05:02:11,00",61.493248000,30.488060000,296.300,-1.900,0.800,109.000,82.800
DSC00105.JPG,2020/04/30,"05:02:12,00",61.493130000,30.488552000,297.000,-1.300,0.200,111.000,78.480
DSC00106.JPG,2020/04/30,"05:02:13,00",61.492966000,30.488997000,297.300,-0.600,0.500,109.000,77.760
DSC00107.JPG,2020/04/30,"05:02:14,00",61.492821000,30.489601000,297.400,0.200,-0.700,112.000,83.160
DSC00108.JPG,2020/04/30,"05:02:15,00",61.492687000,30.490061000,296.200,-1.800,-0.700,112.000,80.640
DSC00109.JPG,2020/04/30,"05:02:17,00",61.492554000,30.490566000,295.900,-1.300,0.600,112.000,77.400
DSC00110.JPG,2020/04/30,"05:02:18,00",61.492432000,30.491032000,296.000,1.300,2.100,110.000,78.480
DSC00111.JPG,2020/04/30,"05:02:19,00",61.492290000,30.491556000,297.100,2.600,1.100,111.000,78.480
DSC00112.JPG,2020/04/30,"05:02:20,00",61.492157000,30.492081000,297.900,1.900,0.000,112.000,80.640
DSC00113.JPG,2020/04/30,"05:02:21,00",61.492023000,30.492496000,298.600,1.800,-0.900,113.000,81.000
DSC00114.JPG,2020/04/30,"05:02:23,00",61.491913000,30.492971000,298.300,-1.100,-1.200,112.000,81.000
DSC00115.JPG,2020/04/30,"05:02:24,00",61.491760000,30.493496000,298.100,-3.600,-0.600,112.000,82.800
DSC00116.JPG,2020/04/30,"05:02:25,00",61.491638000,30.493967000,297.200,7.000,-0.200,107.000,82.080
DSC00117.JPG,2020/04/30,"05:02:26,00",61.491493000,30.494495000,296.600,24.100,-1.400,117.000,82.440
DSC00118.JPG,2020/04/30,"05:02:27,00",61.491299000,30.494984000,295.600,25.100,-0.300,128.000,84.600
DSC00119.JPG,2020/04/30,"05:02:28,00",61.491112000,30.495323000,294.400,26.000,-0.300,147.000,82.440
DSC00120.JPG,2020/04/30,"05:02:29,00",61.490864000,30.495586000,294.400,22.000,2.000,158.000,81.720
DSC00121.JPG,2020/04/30,"05:02:30,00",61.490623000,30.495792000,295.900,20.500,0.100,168.000,81.720
DSC00122.JPG,2020/04/30,"05:02:31,00",61.490383000,30.495909000,296.400,17.400,0.000,176.000,78.120
DSC00123.JPG,2020/04/30,"05:02:33,00",61.490070000,30.495972000,296.500,17.400,0.900,183.000,76.680
DSC00124.JPG,2020/04/30,"05:02:34,00",61.489815000,30.495960000,296.700,16.200,0.400,190.000,78.480
DSC00125.JPG,2020/04/30,"05:02:35,00",61.489559000,30.495895000,296.500,13.100,0.000,198.000,77.040
DSC00126.JPG,2020/04/30,"05:02:36,00",61.489281000,30.495760000,296.000,11.800,1.300,207.000,80.280
DSC00127.JPG,2020/04/30,"05:02:37,00",61.489040000,30.495600000,295.800,4.700,2.900,212.000,79.560
DSC00128.JPG,2020/04/30,"05:02:38,00",61.488804000,30.495413000,296.300,-2.500,1.800,208.000,74.880
DSC00129.JPG,2020/04/30,"05:02:39,00",61.488506000,30.495173000,296.500,0.400,1.500,211.000,77.760
DSC00130.JPG,2020/04/30,"05:02:40,00",61.488274000,30.494978000,296.800,-7.400,0.300,208.000,79.200
DSC00131.JPG,2020/04/30,"05:02:41,00",61.487976000,30.494793000,297.000,-6.400,0.900,205.000,75.600
DSC00132.JPG,2020/04/30,"05:02:42,00",61.487732000,30.494583000,297.100,-6.400,1.800,206.000,74.160
DSC00133.JPG,2020/04/30,"05:02:43,00",61.487480000,30.494431000,296.900,-11.000,1.400,202.000,75.960
DSC00134.JPG,2020/04/30,"05:02:44,00",61.487221000,30.494301000,296.000,-9.900,2.300,196.000,78.120
DSC00135.JPG,2020/04/30,"05:02:45,00",61.486958000,30.494200000,295.500,-13.900,1.800,195.000,81.000
DSC00136.JPG,2020/04/30,"05:02:46,00",61.486687000,30.494141000,295.500,-20.400,0.600,185.000,80.280
DSC00137.JPG,2020/04/30,"05:02:47,00",61.486423000,30.494144000,295.500,-24.300,1.100,180.000,79.920
DSC00138.JPG,2020/04/30,"05:02:48,00",61.486130000,30.494217000,294.200,-24.600,-0.500,161.000,81.720
DSC00139.JPG,2020/04/30,"05:02:49,00",61.485882000,30.494404000,294.100,-9.600,2.800,155.000,81.360
DSC00140.JPG,2020/04/30,"05:02:50,00",61.485649000,30.494608000,294.800,2.300,3.300,154.000,80.280
DSC00141.JPG,2020/04/30,"05:02:52,00",61.485416000,30.494812000,295.300,1.100,1.900,158.000,77.760
DSC00142.JPG,2020/04/30,"05:02:53,00",61.485130000,30.495064000,295.300,-4.300,2.600,154.000,77.040
DSC00143.JPG,2020/04/30,"05:02:54,00",61.484901000,30.495275000,295.200,-2.900,2.700,152.000,77.040
DSC00144.JPG,2020/04/30,"05:02:55,00",61.484650000,30.495527000,295.400,-3.400,2.800,150.000,76.680
DSC00145.JPG,2020/04/30,"05:02:56,00",61.484421000,30.495768000,295.500,-0.900,2.200,148.000,77.400
DSC00146.JPG,2020/04/30,"05:02:57,00",61.484138000,30.496016000,295.400,0.600,2.400,148.000,77.760
DSC00147.JPG,2020/04/30,"05:02:58,00",61.483913000,30.496332000,295.400,0.600,2.300,147.000,80.280
DSC00148.JPG,2020/04/30,"05:02:59,00",61.483688000,30.496584000,295.100,0.500,1.700,147.000,80.280
DSC00149.JPG,2020/04/30,"05:03:00,00",61.483463000,30.496836000,294.900,1.800,2.300,149.000,79.920
DSC00150.JPG,2020/04/30,"05:03:01,00",61.483185000,30.497149000,294.400,0.100,3.200,147.000,79.920
DSC00151.JPG,2020/04/30,"05:03:02,00",61.482956000,30.497396000,294.300,4.700,2.900,149.000,80.280
DSC00152.JPG,2020/04/30,"05:03:03,00",61.482727000,30.497629000,294.400,7.700,2.000,150.000,79.920
DSC00153.JPG,2020/04/30,"05:03:04,00",61.482464000,30.497873000,294.600,21.100,1.300,155.000,78.480
DSC00154.JPG,2020/04/30,"05:03:05,00",61.482216000,30.498035000,294.200,26.000,1.300,170.000,78.120
DSC00155.JPG,2020/04/30,"05:03:06,00",61.481953000,30.498121000,294.100,24.200,3.500,181.000,78.480
DSC00156.JPG,2020/04/30,"05:03:07,00",61.481667000,30.498121000,294.600,22.200,1.900,190.000,81.000
DSC00157.JPG,2020/04/30,"05:03:08,00",61.481400000,30.498043000,294.500,21.500,1.400,203.000,81.360
DSC00158.JPG,2020/04/30,"05:03:09,00",61.481133000,30.497896000,294.500,19.900,2.700,210.000,80.640
DSC00159.JPG,2020/04/30,"05:03:10,00",61.480873000,30.497681000,295.700,19.000,2.200,217.000,81.000
DSC00160.JPG,2020/04/30,"05:03:11,00",61.480640000,30.497404000,296.300,16.800,0.900,224.000,81.360
DSC00161.JPG,2020/04/30,"05:03:12,00",61.480415000,30.497087000,296.000,18.900,1.000,232.000,81.000
DSC00162.JPG,2020/04/30,"05:03:13,00",61.480213000,30.496716000,295.800,20.300,2.000,241.000,82.800
DSC00163.JPG,2020/04/30,"05:03:14,00",61.480038000,30.496300000,295.500,19.100,1.100,250.000,83.160
DSC00164.JPG,2020/04/30,"05:03:15,00",61.479893000,30.495855000,295.300,20.200,1.800,259.000,81.360
DSC00165.JPG,2020/04/30,"05:03:16,00",61.479782000,30.495380000,295.800,20.500,1.200,269.000,81.720
DSC00166.JPG,2020/04/30,"05:03:18,00",61.479687000,30.494770000,296.200,20.800,1.000,279.000,80.640
DSC00167.JPG,2020/04/30,"05:03:19,00",61.479649000,30.494280000,296.300,20.100,1.400,288.000,80.640
DSC00168.JPG,2020/04/30,"05:03:20,00",61.479645000,30.493689000,296.700,20.400,-0.500,299.000,82.080
DSC00169.JPG,2020/04/30,"05:03:21,00",61.479713000,30.493187000,296.500,17.600,1.600,309.000,82.080
DSC00170.JPG,2020/04/30,"05:03:22,00",61.479809000,30.492636000,296.500,14.900,0.600,316.000,82.440
DSC00171.JPG,2020/04/30,"05:03:24,00",61.479942000,30.492107000,296.200,6.700,3.600,321.000,81.000
DSC00172.JPG,2020/04/30,"05:03:25,00",61.480122000,30.491669000,296.600,0.400,1.500,325.000,77.040
DSC00173.JPG,2020/04/30,"05:03:27,00",61.480289000,30.491245000,296.800,-0.500,1.500,325.000,77.760
DSC00174.JPG,2020/04/30,"05:03:28,00",61.480461000,30.490812000,297.100,1.000,0.700,323.000,77.400
DSC00175.JPG,2020/04/30,"05:03:29,00",61.480637000,30.490379000,297.100,1.900,0.800,321.000,79.560
DSC00176.JPG,2020/04/30,"05:03:31,00",61.480820000,30.489962000,296.900,3.600,0.000,324.000,77.760
DSC00177.JPG,2020/04/30,"05:03:32,00",61.480995000,30.489595000,296.700,4.500,-0.500,325.000,82.800
DSC00178.JPG,2020/04/30,"05:03:33,00",61.481201000,30.489212000,296.600,1.400,-0.400,325.000,79.200
DSC00179.JPG,2020/04/30,"05:03:35,00",61.481407000,30.488825000,296.200,3.700,0.000,328.000,82.080
DSC00180.JPG,2020/04/30,"05:03:36,00",61.481640000,30.488491000,296.000,1.300,-0.400,327.000,82.440
DSC00181.JPG,2020/04/30,"05:03:38,00",61.481857000,30.488165000,296.100,-0.700,0.000,327.000,80.640
DSC00182.JPG,2020/04/30,"05:03:39,00",61.482063000,30.487856000,295.700,1.300,-0.100,326.000,79.920
DSC00183.JPG,2020/04/30,"05:03:41,00",61.482311000,30.487484000,295.000,-0.300,0.600,325.000,79.560
DSC00184.JPG,2020/04/30,"05:03:42,00",61.482517000,30.487192000,294.300,0.000,0.600,322.000,77.760
DSC00185.JPG,2020/04/30,"05:03:44,00",61.482754000,30.486885000,294.300,-1.000,1.700,322.000,75.240
DSC00186.JPG,2020/04/30,"05:03:45,00",61.482960000,30.486536000,295.200,-3.100,0.500,320.000,75.960
DSC00187.JPG,2020/04/30,"05:03:46,00",61.483170000,30.486210000,295.600,-8.400,0.300,317.000,77.040
DSC00188.JPG,2020/04/30,"05:03:48,00",61.483376000,30.485819000,296.300,-8.200,0.000,313.000,78.840
DSC00189.JPG,2020/04/30,"05:03:49,00",61.483593000,30.485424000,296.200,-5.700,-0.600,310.000,81.360
DSC00190.JPG,2020/04/30,"05:03:51,00",61.483780000,30.484976000,296.100,-4.000,-1.500,304.000,82.080
DSC00191.JPG,2020/04/30,"05:03:52,00",61.483929000,30.484552000,296.800,-0.800,0.400,302.000,84.240
DSC00192.JPG,2020/04/30,"05:03:53,00",61.484119000,30.484093000,298.100,-2.500,-1.100,301.000,82.800
DSC00193.JPG,2020/04/30,"05:03:54,00",61.484253000,30.483694000,299.200,-3.400,-0.500,301.000,81.000
DSC00194.JPG,2020/04/30,"05:03:56,00",61.484425000,30.483164000,300.500,-12.500,-0.500,297.000,81.360
DSC00195.JPG,2020/04/30,"05:03:57,00",61.484550000,30.482750000,300.500,-25.500,-2.500,286.000,80.280
DSC00196.JPG,2020/04/30,"05:03:58,00",61.484638000,30.482157000,299.000,-23.500,-1.900,276.000,81.360
DSC00197.JPG,2020/04/30,"05:04:00,00",61.484665000,30.481560000,297.600,-24.300,-3.700,260.000,84.600
DSC00198.JPG,2020/04/30,"05:04:01,00",61.484646000,30.481073000,295.400,-19.300,-0.200,254.000,84.240
DSC00199.JPG,2020/04/30,"05:04:02,00",61.484577000,30.480465000,294.300,-21.600,-0.600,240.000,81.720
DSC00200.JPG,2020/04/30,"05:04:03,00",61.484444000,30.479940000,294.000,-17.600,0.400,232.000,82.440
DSC00201.JPG,2020/04/30,"05:04:04,00",61.484306000,30.479507000,294.000,-18.000,0.600,226.000,80.640
DSC00202.JPG,2020/04/30,"05:04:05,00",61.484097000,30.479113000,293.700,-19.300,0.000,216.000,78.840
DSC00203.JPG,2020/04/30,"05:04:06,00",61.483906000,30.478680000,293.300,-21.100,0.700,206.000,79.200
DSC00204.JPG,2020/04/30,"05:04:07,00",61.483685000,30.478403000,293.200,-22.100,0.700,195.000,78.480
DSC00205.JPG,2020/04/30,"05:04:08,00",61.483418000,30.478191000,292.800,-15.200,0.700,184.000,78.840
DSC00206.JPG,2020/04/30,"05:04:09,00",61.483170000,30.478048000,292.900,-2.900,1.900,179.000,77.400
DSC00207.JPG,2020/04/30,"05:04:10,00",61.482922000,30.477924000,293.900,6.000,1.200,181.000,76.320
DSC00208.JPG,2020/04/30,"05:04:12,00",61.482674000,30.477804000,294.400,5.100,1.000,182.000,75.600
DSC00209.JPG,2020/04/30,"05:04:13,00",61.482361000,30.477640000,293.100,9.700,1.900,185.000,75.600
DSC00210.JPG,2020/04/30,"05:04:14,00",61.482105000,30.477478000,292.800,12.700,2.800,193.000,76.680
DSC00211.JPG,2020/04/30,"05:04:15,00",61.481865000,30.477282000,293.100,13.700,3.400,198.000,77.040
DSC00212.JPG,2020/04/30,"05:04:16,00",61.481625000,30.477057000,293.600,11.000,2.900,204.000,76.680
DSC00213.JPG,2020/04/30,"05:04:17,00",61.481396000,30.476791000,294.100,7.800,2.100,209.000,77.760
DSC00214.JPG,2020/04/30,"05:04:18,00",61.481148000,30.476463000,294.200,6.100,1.700,212.000,78.480
DSC00215.JPG,2020/04/30,"05:04:19,00",61.480934000,30.476120000,294.900,7.400,0.800,216.000,78.480
DSC00216.JPG,2020/04/30,"05:04:20,00",61.480724000,30.475790000,295.100,6.400,1.100,221.000,78.480
DSC00217.JPG,2020/04/30,"05:04:21,00",61.480522000,30.475445000,295.100,5.300,1.700,224.000,79.560
DSC00218.JPG,2020/04/30,"05:04:22,00",61.480328000,30.475080000,295.300,0.400,1.600,226.000,79.200
DSC00219.JPG,2020/04/30,"05:04:23,00",61.480087000,30.474663000,295.100,0.700,1.400,228.000,79.200
DSC00220.JPG,2020/04/30,"05:04:24,00",61.479897000,30.474283000,294.800,3.800,1.300,229.000,80.280
DSC00221.JPG,2020/04/30,"05:04:25,00",61.479710000,30.473900000,294.700,2.600,1.800,232.000,79.200
DSC00222.JPG,2020/04/30,"05:04:26,00",61.479523000,30.473509000,294.600,3.100,1.700,235.000,79.560
DSC00223.JPG,2020/04/30,"05:04:27,00",61.479340000,30.473110000,294.700,1.000,1.800,235.000,79.560
DSC00224.JPG,2020/04/30,"05:04:28,00",61.479160000,30.472708000,294.700,0.800,1.700,237.000,79.920
DSC00225.JPG,2020/04/30,"05:04:29,00",61.478935000,30.472200000,294.600,1.500,2.000,236.000,79.560
DSC00226.JPG,2020/04/30,"05:04:30,00",61.478760000,30.471792000,294.700,3.300,1.900,238.000,79.920
DSC00227.JPG,2020/04/30,"05:04:31,00",61.478588000,30.471380000,294.800,4.200,1.300,240.000,79.200
DSC00228.JPG,2020/04/30,"05:04:32,00",61.478416000,30.470957000,294.800,3.500,1.100,242.000,79.560
DSC00229.JPG,2020/04/30,"05:04:33,00",61.478252000,30.470528000,294.700,-9.200,2.900,249.000,79.560
DSC00230.JPG,2020/04/30,"05:04:34,00",61.478062000,30.470102000,294.500,-25.800,-0.100,235.000,78.840
DSC00231.JPG,2020/04/30,"05:04:35,00",61.477859000,30.469707000,294.200,-25.700,1.400,226.000,82.080
DSC00232.JPG,2020/04/30,"05:04:36,00",61.477661000,30.469376000,293.300,-27.000,0.300,210.000,82.080
DSC00233.JPG,2020/04/30,"05:04:37,00",61.477409000,30.469122000,293.000,-20.000,3.100,205.000,81.000
DSC00234.JPG,2020/04/30,"05:04:38,00",61.477142000,30.468946000,293.300,-20.300,2.200,194.000,80.280
DSC00235.JPG,2020/04/30,"05:04:39,00",61.476871000,30.468838000,293.900,-18.400,1.600,188.000,80.280
DSC00236.JPG,2020/04/30,"05:04:40,00",61.476601000,30.468792000,294.200,-19.500,0.300,180.000,80.280
DSC00237.JPG,2020/04/30,"05:04:41,00",61.476330000,30.468807000,294.000,-20.400,0.800,170.000,79.920
DSC00238.JPG,2020/04/30,"05:04:42,00",61.476063000,30.468899000,294.300,-20.700,1.700,161.000,79.920
DSC00239.JPG,2020/04/30,"05:04:43,00",61.475815000,30.469061000,294.800,-19.900,1.100,150.000,80.640
DSC00240.JPG,2020/04/30,"05:04:44,00",61.475578000,30.469280000,295.300,-19.100,0.900,145.000,80.280
DSC00241.JPG,2020/04/30,"05:04:45,00",61.475342000,30.469601000,295.000,-18.900,0.100,132.000,80.640
DSC00242.JPG,2020/04/30,"05:04:46,00",61.475151000,30.469929000,295.200,-8.400,0.400,125.000,80.640
DSC00243.JPG,2020/04/30,"05:04:48,00",61.474949000,30.470366000,294.900,-0.700,1.000,122.000,79.920
DSC00244.JPG,2020/04/30,"05:04:49,00",61.474770000,30.470814000,295.100,3.700,1.500,124.000,77.760
DSC00245.JPG,2020/04/30,"05:04:50,00",61.474560000,30.471174000,295.000,3.500,0.400,126.000,78.480
DSC00246.JPG,2020/04/30,"05:04:51,00",61.474392000,30.471567000,294.900,1.400,0.500,127.000,80.280
DSC00247.JPG,2020/04/30,"05:04:52,00",61.474182000,30.472008000,295.000,0.800,0.400,126.000,80.640
DSC00248.JPG,2020/04/30,"05:04:53,00",61.473991000,30.472408000,295.100,2.700,-0.100,128.000,80.280
DSC00249.JPG,2020/04/30,"05:04:54,00",61.473820000,30.472755000,295.200,5.900,0.000,129.000,80.640
DSC00250.JPG,2020/04/30,"05:04:56,00",61.473598000,30.473175000,295.200,7.400,-0.100,133.000,81.000
DSC00251.JPG,2020/04/30,"05:04:57,00",61.473392000,30.473495000,295.500,10.600,-0.800,138.000,79.560
DSC00252.JPG,2020/04/30,"05:04:58,00",61.473194000,30.473871000,295.300,8.700,-0.800,144.000,80.280
DSC00253.JPG,2020/04/30,"05:04:59,00",61.472927000,30.474180000,295.000,12.800,-0.600,150.000,80.640
DSC00254.JPG,2020/04/30,"05:05:00,00",61.472706000,30.474428000,295.000,17.000,-0.900,155.000,81.000
DSC00255.JPG,2020/04/30,"05:05:01,00",61.472466000,30.474632000,294.800,22.400,-1.800,166.000,80.640
DSC00256.JPG,2020/04/30,"05:05:02,00",61.472206000,30.474777000,294.800,23.800,-0.800,178.000,82.440
DSC00257.JPG,2020/04/30,"05:05:03,00",61.471935000,30.474844000,294.500,21.800,-0.400,186.000,81.360
DSC00258.JPG,2020/04/30,"05:05:04,00",61.471664000,30.474833000,294.100,20.300,0.500,200.000,81.720
DSC00259.JPG,2020/04/30,"05:05:05,00",61.471397000,30.474739000,294.300,15.500,1.500,208.000,81.000
DSC00260.JPG,2020/04/30,"05:05:06,00",61.471134000,30.474592000,294.600,4.600,0.800,215.000,78.480
DSC00261.JPG,2020/04/30,"05:05:07,00",61.470818000,30.474417000,294.700,-2.100,2.100,211.000,78.120
DSC00262.JPG,2020/04/30,"05:05:08,00",61.470566000,30.474197000,294.900,-2.400,1.200,212.000,79.920
DSC00263.JPG,2020/04/30,"05:05:09,00",61.470306000,30.474028000,294.600,-2.300,1.600,208.000,79.200
DSC00264.JPG,2020/04/30,"05:05:10,00",61.470051000,30.473867000,294.400,-2.900,1.600,211.000,79.920
DSC00265.JPG,2020/04/30,"05:05:11,00",61.469795000,30.473713000,294.600,-13.700,2.600,208.000,79.200
DSC00266.JPG,2020/04/30,"05:05:12,00",61.469540000,30.473591000,295.000,-26.100,0.400,199.000,78.840
DSC00267.JPG,2020/04/30,"05:05:13,00",61.469276000,30.473534000,294.600,-27.000,-0.400,184.000,79.200
DSC00268.JPG,2020/04/30,"05:05:14,00",61.469013000,30.473566000,293.600,-22.100,0.600,174.000,79.920
DSC00269.JPG,2020/04/30,"05:05:15,00",61.468723000,30.473677000,293.200,-21.300,1.600,162.000,79.200
DSC00270.JPG,2020/04/30,"05:05:16,00",61.468483000,30.473885000,293.200,-21.400,2.200,151.000,79.560
DSC00271.JPG,2020/04/30,"05:05:17,00",61.468273000,30.474131000,293.900,-18.500,0.000,144.000,77.040
DSC00272.JPG,2020/04/30,"05:05:19,00",61.468040000,30.474504000,294.400,-11.200,2.200,132.000,77.760
DSC00273.JPG,2020/04/30,"05:05:20,00",61.467857000,30.474932000,296.700,-2.100,1.000,131.000,77.760
DSC00274.JPG,2020/04/30,"05:05:21,00",61.467659000,30.475328000,298.200,5.000,0.500,130.000,77.040
DSC00275.JPG,2020/04/30,"05:05:22,00",61.467495000,30.475683000,298.900,4.300,0.600,132.000,77.400
DSC00276.JPG,2020/04/30,"05:05:23,00",61.467289000,30.476128000,298.800,2.500,0.400,134.000,79.560
DSC00277.JPG,2020/04/30,"05:05:24,00",61.467087000,30.476528000,297.800,2.800,0.200,133.000,80.280
DSC00278.JPG,2020/04/30,"05:05:26,00",61.466911000,30.476879000,296.900,4.600,0.900,134.000,81.000
DSC00279.JPG,2020/04/30,"05:05:27,00",61.466686000,30.477314000,296.400,6.400,1.200,137.000,81.000
DSC00280.JPG,2020/04/30,"05:05:28,00",61.466496000,30.477640000,296.600,8.100,1.000,141.000,82.440
DSC00281.JPG,2020/04/30,"05:05:29,00",61.466286000,30.478024000,296.900,7.800,1.200,143.000,79.920
DSC00282.JPG,2020/04/30,"05:05:30,00",61.466026000,30.478344000,296.900,11.200,0.900,148.000,78.120
DSC00283.JPG,2020/04/30,"05:05:31,00",61.465813000,30.478603000,296.600,10.900,0.900,154.000,77.040
DSC00284.JPG,2020/04/30,"05:05:32,00",61.465580000,30.478840000,296.300,8.800,2.400,159.000,79.560
DSC00285.JPG,2020/04/30,"05:05:33,00",61.465279000,30.479094000,296.000,6.300,1.400,162.000,79.920
DSC00286.JPG,2020/04/30,"05:05:34,00",61.465031000,30.479273000,296.100,3.300,2.800,163.000,79.200
DSC00287.JPG,2020/04/30,"05:05:35,00",61.464783000,30.479441000,296.300,2.800,2.500,166.000,79.560
DSC00288.JPG,2020/04/30,"05:05:36,00",61.464535000,30.479593000,296.700,4.700,2.000,166.000,80.640
DSC00289.JPG,2020/04/30,"05:05:37,00",61.464287000,30.479736000,296.500,4.700,1.400,172.000,78.480
DSC00290.JPG,2020/04/30,"05:05:38,00",61.464001000,30.479874000,296.100,0.400,2.700,169.000,78.840
DSC00291.JPG,2020/04/30,"05:05:39,00",61.463745000,30.479986000,296.200,0.600,2.400,172.000,78.480
DSC00292.JPG,2020/04/30,"05:05:40,00",61.463490000,30.480097000,296.500,2.600,1.900,170.000,78.480
DSC00293.JPG,2020/04/30,"05:05:41,00",61.463223000,30.480196000,296.800,12.100,1.400,175.000,78.840
DSC00294.JPG,2020/04/30,"05:05:42,00",61.462959000,30.480253000,297.100,15.100,1.300,185.000,81.720
DSC00295.JPG,2020/04/30,"05:05:44,00",61.462692000,30.480282000,296.600,7.700,2.100,188.000,77.760
DSC00296.JPG,2020/04/30,"05:05:45,00",61.462421000,30.480268000,296.400,3.600,3.500,192.000,79.200
DSC00297.JPG,2020/04/30,"05:05:46,00",61.462147000,30.480236000,297.000,-0.500,2.200,191.000,80.280
DSC00298.JPG,2020/04/30,"05:05:47,00",61.461876000,30.480194000,297.600,-1.800,1.100,192.000,80.640
DSC00299.JPG,2020/04/30,"05:05:47,00",61.461605000,30.480156000,297.500,7.000,0.700,191.000,79.920
DSC00300.JPG,2020/04/30,"05:05:49,00",61.461330000,30.480108000,297.600,20.500,0.600,197.000,81.360
DSC00301.JPG,2020/04/30,"05:05:49,00",61.461056000,30.480000000,297.400,23.600,0.200,207.000,79.920
DSC00302.JPG,2020/04/30,"05:05:50,00",61.460793000,30.479820000,296.700,22.500,1.600,216.000,81.000
DSC00303.JPG,2020/04/30,"05:05:51,00",61.460541000,30.479548000,296.200,22.400,1.800,228.000,83.520
DSC00304.JPG,2020/04/30,"05:05:52,00",61.460308000,30.479227000,295.700,22.300,3.000,238.000,81.000
DSC00305.JPG,2020/04/30,"05:05:53,00",61.460114000,30.478844000,296.000,21.000,3.900,247.000,81.360
DSC00306.JPG,2020/04/30,"05:05:54,00",61.459942000,30.478420000,297.000,19.400,2.400,255.000,79.920
DSC00307.JPG,2020/04/30,"05:05:55,00",61.459805000,30.477970000,297.500,17.600,1.300,264.000,80.280
DSC00308.JPG,2020/04/30,"05:05:57,00",61.459667000,30.477495000,297.300,12.000,1.800,271.000,81.360
DSC00309.JPG,2020/04/30,"05:05:58,00",61.459579000,30.476892000,297.100,6.900,2.300,275.000,80.640
DSC00310.JPG,2020/04/30,"05:05:59,00",61.459503000,30.476288000,296.900,4.700,2.500,278.000,80.280
DSC00311.JPG,2020/04/30,"05:06:00,00",61.459450000,30.475868000,297.400,6.900,2.300,282.000,78.840
DSC00312.JPG,2020/04/30,"05:06:01,00",61.459396000,30.475267000,297.300,6.400,1.900,284.000,77.760
DSC00313.JPG,2020/04/30,"05:06:02,00",61.459358000,30.474669000,297.100,3.200,2.100,287.000,77.760
DSC00314.JPG,2020/04/30,"05:06:03,00",61.459339000,30.474125000,297.100,1.900,0.200,286.000,78.480
DSC00315.JPG,2020/04/30,"05:06:05,00",61.459320000,30.473639000,296.000,3.500,1.500,288.000,78.480
DSC00316.JPG,2020/04/30,"05:06:06,00",61.459312000,30.473028000,295.600,6.200,0.800,290.000,79.200
DSC00317.JPG,2020/04/30,"05:06:07,00",61.459316000,30.472481000,295.100,3.600,0.900,291.000,79.920
DSC00318.JPG,2020/04/30,"05:06:08,00",61.459332000,30.471876000,294.300,14.400,0.900,292.000,79.200
DSC00319.JPG,2020/04/30,"05:06:09,00",61.459377000,30.471285000,293.100,21.800,0.500,304.000,79.920
DSC00320.JPG,2020/04/30,"05:06:10,00",61.459461000,30.470800000,292.300,23.200,2.000,313.000,83.520
DSC00321.JPG,2020/04/30,"05:06:12,00",61.459599000,30.470301000,291.700,21.800,1.900,325.000,81.720
DSC00322.JPG,2020/04/30,"05:06:13,00",61.459801000,30.469900000,291.200,20.500,2.200,338.000,81.360
DSC00323.JPG,2020/04/30,"05:06:15,00",61.460033000,30.469696000,291.600,17.000,2.200,349.000,78.480
DSC00324.JPG,2020/04/30,"05:06:16,00",61.460297000,30.469601000,291.300,10.500,2.100,2.000,78.120
DSC00325.JPG,2020/04/30,"05:06:18,00",61.460556000,30.469631000,291.400,0.000,3.600,4.000,77.760
DSC00326.JPG,2020/04/30,"05:06:20,00",61.460835000,30.469721000,292.600,-1.700,-0.400,3.000,79.920
DSC00327.JPG,2020/04/30,"05:06:21,00",61.461105000,30.469795000,293.800,-10.700,0.900,358.000,79.560
DSC00328.JPG,2020/04/30,"05:06:23,00",61.461376000,30.469828000,294.600,-6.800,-1.000,351.000,79.560
DSC00329.JPG,2020/04/30,"05:06:25,00",61.461662000,30.469791000,294.300,-3.100,0.000,348.000,80.640
DSC00330.JPG,2020/04/30,"05:06:26,00",61.461903000,30.469740000,293.800,-2.700,-1.100,343.000,81.360
DSC00331.JPG,2020/04/30,"05:06:28,00",61.462200000,30.469648000,294.300,-8.800,-0.300,340.000,81.000
DSC00332.JPG,2020/04/30,"05:06:29,00",61.462448000,30.469528000,295.000,-4.300,-0.800,338.000,83.160
DSC00333.JPG,2020/04/30,"05:06:30,00",61.462692000,30.469360000,295.500,-3.400,-1.700,335.000,81.360
DSC00334.JPG,2020/04/30,"05:06:32,00",61.462975000,30.469152000,295.600,3.200,-1.000,336.000,83.160
DSC00335.JPG,2020/04/30,"05:06:33,00",61.463215000,30.468960000,295.100,-0.400,-0.300,330.000,81.000
DSC00336.JPG,2020/04/30,"05:06:35,00",61.463455000,30.468763000,294.600,-0.600,-1.000,332.000,82.080
DSC00337.JPG,2020/04/30,"05:06:36,00",61.463741000,30.468592000,294.400,2.000,-0.900,334.000,82.800
DSC00338.JPG,2020/04/30,"05:06:38,00",61.463978000,30.468369000,293.800,-2.400,-1.100,333.000,83.520
DSC00339.JPG,2020/04/30,"05:06:39,00",61.464230000,30.468182000,293.300,-2.000,-0.300,329.000,78.840
DSC00340.JPG,2020/04/30,"05:06:41,00",61.464481000,30.467953000,293.400,-1.800,-0.500,330.000,79.200
DSC00341.JPG,2020/04/30,"05:06:42,00",61.464729000,30.467712000,293.000,1.400,0.100,327.000,78.480
DSC00342.JPG,2020/04/30,"05:06:44,00",61.464985000,30.467482000,293.200,2.800,-0.300,326.000,79.920
DSC00343.JPG,2020/04/30,"05:06:45,00",61.465240000,30.467239000,293.200,2.400,-0.800,330.000,83.160
DSC00344.JPG,2020/04/30,"05:06:47,00",61.465481000,30.467045000,293.400,1.200,-0.500,332.000,81.360
DSC00345.JPG,2020/04/30,"05:06:48,00",61.465759000,30.466864000,293.700,1.000,-1.100,328.000,79.560
DSC00346.JPG,2020/04/30,"05:06:50,00",61.465996000,30.466637000,294.000,0.500,-0.500,330.000,81.000
DSC00347.JPG,2020/04/30,"05:06:51,00",61.466228000,30.466455000,293.900,1.400,-0.300,334.000,81.000
DSC00348.JPG,2020/04/30,"05:06:53,00",61.466507000,30.466251000,293.500,2.100,-0.700,336.000,79.920
DSC00349.JPG,2020/04/30,"05:06:54,00",61.466736000,30.466084000,292.700,-0.200,0.400,334.000,79.560
DSC00350.JPG,2020/04/30,"05:06:56,00",61.467014000,30.465879000,291.400,-3.500,2.100,329.000,75.240
DSC00351.JPG,2020/04/30,"05:06:57,00",61.467281000,30.465679000,291.900,-2.400,0.300,337.000,81.000
DSC00352.JPG,2020/04/30,"05:06:59,00",61.467522000,30.465500000,291.500,3.800,2.800,335.000,78.480
DSC00353.JPG,2020/04/30,"05:07:00,00",61.467777000,30.465300000,293.100,1.400,0.100,334.000,77.040
DSC00354.JPG,2020/04/30,"05:07:02,00",61.468029000,30.465090000,292.800,-1.100,0.300,333.000,75.960
DSC00355.JPG,2020/04/30,"05:07:04,00",61.468285000,30.464878000,292.900,-1.400,1.100,331.000,74.880
DSC00356.JPG,2020/04/30,"05:07:05,00",61.468536000,30.464636000,293.600,2.600,0.300,331.000,77.400
DSC00357.JPG,2020/04/30,"05:07:07,00",61.468765000,30.464439000,293.000,4.700,0.300,335.000,78.480
DSC00358.JPG,2020/04/30,"05:07:08,00",61.469032000,30.464233000,293.000,-0.300,0.300,335.000,79.920
DSC00359.JPG,2020/04/30,"05:07:10,00",61.469280000,30.464048000,292.600,-3.100,0.500,335.000,79.920
DSC00360.JPG,2020/04/30,"05:07:11,00",61.469513000,30.463856000,292.100,-1.400,1.000,326.000,81.360
DSC00361.JPG,2020/04/30,"05:07:13,00",61.469769000,30.463633000,291.600,4.100,2.700,331.000,75.960
DSC00362.JPG,2020/04/30,"05:07:14,00",61.470032000,30.463428000,291.600,-2.600,3.200,330.000,77.400
DSC00363.JPG,2020/04/30,"05:07:16,00",61.470299000,30.463228000,292.600,2.500,1.300,330.000,77.400
DSC00364.JPG,2020/04/30,"05:07:17,00",61.470531000,30.463057000,291.900,1.100,1.700,335.000,81.000
DSC00365.JPG,2020/04/30,"05:07:19,00",61.470798000,30.462885000,291.800,-2.700,1.900,334.000,82.800
DSC00366.JPG,2020/04/30,"05:07:21,00",61.471043000,30.462717000,292.700,0.500,1.400,335.000,78.120
DSC00367.JPG,2020/04/30,"05:07:22,00",61.471321000,30.462521000,293.500,-3.900,0.700,333.000,78.840
DSC00368.JPG,2020/04/30,"05:07:24,00",61.471554000,30.462324000,293.700,0.300,-0.100,330.000,81.000
DSC00369.JPG,2020/04/30,"05:07:25,00",61.471817000,30.462103000,293.100,3.200,0.400,332.000,79.920
DSC00370.JPG,2020/04/30,"05:07:27,00",61.472069000,30.461901000,292.700,-0.700,0.700,336.000,81.720
DSC00371.JPG,2020/04/30,"05:07:29,00",61.472328000,30.461697000,292.100,0.100,1.700,333.000,78.840
DSC00372.JPG,2020/04/30,"05:07:30,00",61.472576000,30.461479000,292.500,2.900,1.600,332.000,80.640
DSC00373.JPG,2020/04/30,"05:07:32,00",61.472809000,30.461288000,292.500,-1.200,1.000,334.000,79.200
DSC00374.JPG,2020/04/30,"05:07:34,00",61.473095000,30.461084000,292.300,1.100,1.300,333.000,78.840
DSC00375.JPG,2020/04/30,"05:07:35,00",61.473339000,30.460844000,292.100,1.400,0.800,334.000,79.560
DSC00376.JPG,2020/04/30,"05:07:37,00",61.473572000,30.460661000,291.500,-0.500,1.900,333.000,78.480
DSC00377.JPG,2020/04/30,"05:07:39,00",61.473862000,30.460432000,291.700,-0.700,2.000,332.000,77.040
DSC00378.JPG,2020/04/30,"05:07:40,00",61.474075000,30.460264000,291.600,0.700,1.900,336.000,79.920
DSC00379.JPG,2020/04/30,"05:07:42,00",61.474335000,30.460064000,291.500,-0.100,2.600,333.000,77.760
DSC00380.JPG,2020/04/30,"05:07:43,00",61.474594000,30.459856000,291.800,0.500,2.400,333.000,79.920
DSC00381.JPG,2020/04/30,"05:07:45,00",61.474838000,30.459661000,291.800,3.000,1.200,334.000,79.920
DSC00382.JPG,2020/04/30,"05:07:46,00",61.475113000,30.459463000,291.800,-1.600,2.400,338.000,81.000
DSC00383.JPG,2020/04/30,"05:07:48,00",61.475372000,30.459261000,291.800,0.000,2.100,340.000,79.920
DSC00384.JPG,2020/04/30,"05:07:50,00",61.475632000,30.459074000,292.400,3.400,1.300,330.000,77.400
DSC00385.JPG,2020/04/30,"05:07:51,00",61.475857000,30.458853000,293.000,0.700,0.200,335.000,78.480
DSC00386.JPG,2020/04/30,"05:07:53,00",61.476139000,30.458624000,293.600,-16.800,-0.700,333.000,81.360
DSC00387.JPG,2020/04/30,"05:07:54,00",61.476368000,30.458363000,293.300,-15.000,-0.800,316.000,80.640
DSC00388.JPG,2020/04/30,"05:07:55,00",61.476566000,30.458035000,293.600,1.800,0.100,316.000,85.680
DSC00389.JPG,2020/04/30,"05:07:57,00",61.476784000,30.457663000,294.300,3.600,-1.300,317.000,83.880
DSC00390.JPG,2020/04/30,"05:07:58,00",61.477005000,30.457327000,294.000,-1.700,-1.000,318.000,83.520
DSC00391.JPG,2020/04/30,"05:07:59,00",61.477222000,30.456972000,293.600,-4.900,0.400,317.000,83.880
DSC00392.JPG,2020/04/30,"05:08:01,00",61.477417000,30.456642000,293.600,-5.800,-1.300,312.000,83.160
DSC00393.JPG,2020/04/30,"05:08:02,00",61.477615000,30.456259000,293.100,-5.200,0.600,313.000,83.520
DSC00394.JPG,2020/04/30,"05:08:03,00",61.477798000,30.455845000,294.100,3.000,-0.900,309.000,82.800
DSC00395.JPG,2020/04/30,"05:08:05,00",61.477985000,30.455450000,293.700,1.800,-0.100,311.000,80.280
DSC00396.JPG,2020/04/30,"05:08:06,00",61.478184000,30.455029000,292.400,-0.400,0.500,313.000,78.840
DSC00397.JPG,2020/04/30,"05:08:08,00",61.478374000,30.454613000,291.600,-1.900,2.900,311.000,75.960
DSC00398.JPG,2020/04/30,"05:08:09,00",61.478569000,30.454185000,291.400,-0.500,2.500,312.000,73.440
DSC00399.JPG,2020/04/30,"05:08:11,00",61.478737000,30.453785000,291.100,3.300,2.500,312.000,74.880
DSC00400.JPG,2020/04/30,"05:08:12,00",61.478912000,30.453381000,290.800,6.700,4.900,315.000,74.520
DSC00401.JPG,2020/04/30,"05:08:14,00",61.479137000,30.452991000,291.200,23.400,0.900,325.000,76.680
DSC00402.JPG,2020/04/30,"05:08:15,00",61.479351000,30.452620000,290.300,26.100,4.000,338.000,78.840
DSC00403.JPG,2020/04/30,"05:08:16,00",61.479591000,30.452477000,289.900,10.200,5.000,354.000,77.760
DSC00404.JPG,2020/04/30,"05:08:18,00",61.479862000,30.452415000,291.200,-3.200,5.400,352.000,76.320
DSC00405.JPG,2020/04/30,"05:08:20,00",61.480148000,30.452356000,292.800,-8.800,2.900,350.000,77.760
DSC00406.JPG,2020/04/30,"05:08:21,00",61.480389000,30.452255000,293.100,-5.400,1.300,344.000,82.800
DSC00407.JPG,2020/04/30,"05:08:23,00",61.480667000,30.452084000,292.400,-4.300,1.400,338.000,79.560
DSC00408.JPG,2020/04/30,"05:08:24,00",61.480900000,30.451916000,291.600,-1.300,2.900,336.000,81.000
DSC00409.JPG,2020/04/30,"05:08:26,00",61.481167000,30.451708000,291.300,-0.600,4.200,338.000,75.600
DSC00410.JPG,2020/04/30,"05:08:27,00",61.481434000,30.451504000,292.100,1.200,1.600,337.000,79.200
DSC00411.JPG,2020/04/30,"05:08:29,00",61.481667000,30.451330000,293.000,-9.600,0.500,338.000,79.920
DSC00412.JPG,2020/04/30,"05:08:30,00",61.481945000,30.451059000,293.900,-9.900,-0.400,325.000,83.160
DSC00413.JPG,2020/04/30,"05:08:32,00",61.482166000,30.450764000,294.400,-4.100,-0.400,322.000,84.240
DSC00414.JPG,2020/04/30,"05:08:33,00",61.482384000,30.450457000,293.700,0.300,-0.700,325.000,85.680
DSC00415.JPG,2020/04/30,"05:08:34,00",61.482597000,30.450142000,292.800,2.100,0.500,323.000,84.960
DSC00416.JPG,2020/04/30,"05:08:36,00",61.482800000,30.449844000,291.900,-1.000,0.100,320.000,80.640
DSC00417.JPG,2020/04/30,"05:08:37,00",61.483036000,30.449493000,291.900,0.100,0.600,322.000,79.920
DSC00418.JPG,2020/04/30,"05:08:39,00",61.483265000,30.449163000,292.800,0.100,-0.800,323.000,79.560
DSC00419.JPG,2020/04/30,"05:08:41,00",61.483498000,30.448828000,292.800,-0.200,-0.200,323.000,80.280
DSC00420.JPG,2020/04/30,"05:08:42,00",61.483719000,30.448542000,292.500,-2.300,-1.000,323.000,81.360
DSC00421.JPG,2020/04/30,"05:08:44,00",61.483910000,30.448181000,292.100,4.200,0.100,322.000,80.640
DSC00422.JPG,2020/04/30,"05:08:45,00",61.484127000,30.447845000,291.600,4.300,1.400,322.000,77.400
DSC00423.JPG,2020/04/30,"05:08:47,00",61.484375000,30.447569000,292.100,-4.500,1.400,326.000,78.120
DSC00424.JPG,2020/04/30,"05:08:49,00",61.484604000,30.447206000,291.300,-0.900,1.600,319.000,75.960
DSC00425.JPG,2020/04/30,"05:08:50,00",61.484833000,30.446896000,290.100,3.300,2.600,323.000,76.320
DSC00426.JPG,2020/04/30,"05:08:52,00",61.485050000,30.446621000,289.700,-1.000,3.700,325.000,76.680
DSC00427.JPG,2020/04/30,"05:08:53,00",61.485291000,30.446344000,290.000,-2.400,3.400,323.000,79.920
DSC00428.JPG,2020/04/30,"05:08:55,00",61.485493000,30.446060000,289.900,3.000,3.500,329.000,77.040
DSC00429.JPG,2020/04/30,"05:08:56,00",61.485737000,30.445772000,290.100,-17.100,4.000,331.000,78.480
DSC00430.JPG,2020/04/30,"05:08:58,00",61.485958000,30.445389000,290.500,-25.900,2.500,310.000,79.560
DSC00431.JPG,2020/04/30,"05:08:59,00",61.486095000,30.444895000,291.600,-28.600,-1.200,294.000,80.640
DSC00432.JPG,2020/04/30,"05:09:01,00",61.486179000,30.444378000,290.400,-20.600,1.500,280.000,80.280
DSC00433.JPG,2020/04/30,"05:09:02,00",61.486217000,30.443794000,289.600,-21.500,3.700,271.000,82.080
DSC00434.JPG,2020/04/30,"05:09:03,00",61.486191000,30.443262000,289.700,-17.400,3.500,260.000,82.800
DSC00435.JPG,2020/04/30,"05:09:04,00",61.486115000,30.442677000,290.900,-20.000,2.800,248.000,81.000
DSC00436.JPG,2020/04/30,"05:09:05,00",61.485996000,30.442171000,292.000,-16.500,1.900,241.000,78.840
DSC00437.JPG,2020/04/30,"05:09:07,00",61.485832000,30.441648000,293.000,-20.700,0.600,230.000,82.080
DSC00438.JPG,2020/04/30,"05:09:08,00",61.485676000,30.441263000,293.500,-20.900,0.000,222.000,82.080
DSC00439.JPG,2020/04/30,"05:09:09,00",61.485474000,30.440891000,293.700,-15.600,-2.200,211.000,82.080
DSC00440.JPG,2020/04/30,"05:09:10,00",61.485207000,30.440603000,293.300,5.200,1.000,209.000,79.560
DSC00441.JPG,2020/04/30,"05:09:11,00",61.484997000,30.440256000,294.300,9.500,0.300,211.000,85.320
DSC00442.JPG,2020/04/30,"05:09:12,00",61.484791000,30.439968000,295.200,13.900,-0.600,220.000,81.000
DSC00443.JPG,2020/04/30,"05:09:13,00",61.484558000,30.439571000,296.300,6.600,0.300,220.000,79.560
DSC00444.JPG,2020/04/30,"05:09:14,00",61.484360000,30.439188000,297.800,4.000,0.000,227.000,78.840
DSC00445.JPG,2020/04/30,"05:09:16,00",61.484154000,30.438845000,298.000,-0.800,-1.300,226.000,77.760
DSC00446.JPG,2020/04/30,"05:09:17,00",61.483986000,30.438404000,297.900,0.900,-0.200,226.000,77.400
DSC00447.JPG,2020/04/30,"05:09:18,00",61.483791000,30.438007000,298.000,2.500,-0.400,226.000,78.120
DSC00448.JPG,2020/04/30,"05:09:19,00",61.483620000,30.437588000,297.900,5.400,-1.700,230.000,81.000
DSC00449.JPG,2020/04/30,"05:09:20,00",61.483410000,30.437164000,298.200,3.200,-0.500,235.000,80.280
DSC00450.JPG,2020/04/30,"05:09:21,00",61.483246000,30.436768000,298.000,2.000,-0.900,234.000,84.240
DSC00451.JPG,2020/04/30,"05:09:22,00",61.483044000,30.436275000,298.000,-0.600,-1.400,236.000,82.800
DSC00452.JPG,2020/04/30,"05:09:23,00",61.482887000,30.435881000,298.000,0.700,0.000,236.000,83.520
DSC00453.JPG,2020/04/30,"05:09:24,00",61.482708000,30.435432000,298.100,3.200,-0.200,236.000,80.280
DSC00454.JPG,2020/04/30,"05:09:26,00",61.482555000,30.435036000,298.000,2.200,-1.000,242.000,78.480
DSC00455.JPG,2020/04/30,"05:09:27,00",61.482372000,30.434532000,297.600,-3.300,-1.100,236.000,78.480
DSC00456.JPG,2020/04/30,"05:09:28,00",61.482201000,30.434120000,297.400,-1.300,-1.100,240.000,80.280
DSC00457.JPG,2020/04/30,"05:09:29,00",61.482048000,30.433603000,296.400,-1.600,-1.100,237.000,79.200
DSC00458.JPG,2020/04/30,"05:09:30,00",61.481892000,30.433184000,295.100,-0.700,-0.600,239.000,80.640
DSC00459.JPG,2020/04/30,"05:09:31,00",61.481697000,30.432713000,294.300,-0.400,0.400,240.000,82.440
DSC00460.JPG,2020/04/30,"05:09:32,00",61.481537000,30.432293000,293.100,-0.900,1.400,239.000,81.360
DSC00461.JPG,2020/04/30,"05:09:33,00",61.481380000,30.431877000,292.700,0.800,0.800,244.000,81.720
DSC00462.JPG,2020/04/30,"05:09:34,00",61.481194000,30.431368000,293.000,-2.300,1.400,241.000,83.160
DSC00463.JPG,2020/04/30,"05:09:35,00",61.481041000,30.430971000,292.900,-11.600,0.500,241.000,78.120
DSC00464.JPG,2020/04/30,"05:09:36,00",61.480858000,30.430538000,292.700,-23.100,0.000,233.000,78.120
DSC00465.JPG,2020/04/30,"05:09:38,00",61.480663000,30.430208000,292.500,-24.800,-1.000,218.000,78.480
DSC00466.JPG,2020/04/30,"05:09:39,00",61.480389000,30.429888000,292.500,-6.700,1.100,211.000,78.480
DSC00467.JPG,2020/04/30,"05:09:40,00",61.480156000,30.429672000,293.000,-4.100,1.700,208.000,77.400
DSC00468.JPG,2020/04/30,"05:09:41,00",61.479919000,30.429478000,293.200,0.900,0.800,205.000,78.120
DSC00469.JPG,2020/04/30,"05:09:42,00",61.479660000,30.429241000,293.100,4.400,1.900,208.000,77.400
DSC00470.JPG,2020/04/30,"05:09:43,00",61.479424000,30.429049000,292.800,8.700,2.200,207.000,76.680
DSC00471.JPG,2020/04/30,"05:09:44,00",61.479141000,30.428802000,292.600,9.600,2.700,214.000,76.680
DSC00472.JPG,2020/04/30,"05:09:45,00",61.478920000,30.428553000,293.300,11.400,2.600,218.000,75.600
DSC00473.JPG,2020/04/30,"05:09:46,00",61.478657000,30.428268000,294.000,9.500,0.700,224.000,78.120
DSC00474.JPG,2020/04/30,"05:09:47,00",61.478455000,30.427876000,295.100,5.100,1.600,231.000,77.040
DSC00475.JPG,2020/04/30,"05:09:48,00",61.478260000,30.427547000,295.600,-1.900,-0.800,224.000,79.920
DSC00476.JPG,2020/04/30,"05:09:49,00",61.478043000,30.427168000,296.400,1.400,-0.900,231.000,82.440
DSC00477.JPG,2020/04/30,"05:09:50,00",61.477856000,30.426840000,296.300,2.400,-0.400,228.000,80.640
DSC00478.JPG,2020/04/30,"05:09:52,00",61.477615000,30.426411000,296.300,4.300,-1.000,235.000,81.360
DSC00479.JPG,2020/04/30,"05:09:53,00",61.477436000,30.426060000,296.200,1.300,-0.600,232.000,81.720
DSC00480.JPG,2020/04/30,"05:09:54,00",61.477242000,30.425611000,296.300,2.700,0.100,233.000,79.560
DSC00481.JPG,2020/04/30,"05:09:55,00",61.477062000,30.425243000,296.200,0.000,-0.600,236.000,81.360
DSC00482.JPG,2020/04/30,"05:09:56,00",61.476852000,30.424829000,295.200,-1.500,-1.000,235.000,81.000
DSC00483.JPG,2020/04/30,"05:09:57,00",61.476681000,30.424456000,294.100,-4.300,1.300,233.000,77.400
DSC00484.JPG,2020/04/30,"05:09:58,00",61.476456000,30.423990000,293.500,1.400,1.800,234.000,76.680
DSC00485.JPG,2020/04/30,"05:09:59,00",61.476276000,30.423613000,292.800,2.500,2.400,235.000,79.200
DSC00486.JPG,2020/04/30,"05:10:00,00",61.476097000,30.423231000,293.000,8.100,2.600,240.000,75.240
DSC00487.JPG,2020/04/30,"05:10:01,00",61.475899000,30.422775000,292.700,-0.600,3.900,241.000,77.040
DSC00488.JPG,2020/04/30,"05:10:02,00",61.475723000,30.422367000,293.100,-3.700,2.400,237.000,79.200
DSC00489.JPG,2020/04/30,"05:10:03,00",61.475548000,30.421961000,293.100,-0.200,2.500,241.000,79.560
DSC00490.JPG,2020/04/30,"05:10:04,00",61.475368000,30.421564000,293.000,-0.800,0.900,237.000,80.640
DSC00491.JPG,2020/04/30,"05:10:06,00",61.475143000,30.421167000,293.100,-5.700,0.900,236.000,80.640
DSC00492.JPG,2020/04/30,"05:10:07,00",61.474957000,30.420692000,292.900,1.700,0.800,234.000,80.640
DSC00493.JPG,2020/04/30,"05:10:08,00",61.474770000,30.420305000,292.500,7.300,1.500,242.000,82.080
DSC00494.JPG,2020/04/30,"05:10:09,00",61.474586000,30.419922000,292.100,5.600,3.800,238.000,78.840
DSC00495.JPG,2020/04/30,"05:10:10,00",61.474415000,30.419533000,292.400,18.200,1.000,244.000,79.560
DSC00496.JPG,2020/04/30,"05:10:11,00",61.474239000,30.419012000,292.400,13.600,1.400,253.000,81.000
DSC00497.JPG,2020/04/30,"05:10:12,00",61.474113000,30.418585000,293.100,7.000,2.700,256.000,78.480
DSC00498.JPG,2020/04/30,"05:10:13,00",61.473969000,30.418097000,294.300,4.900,1.200,256.000,78.120
DSC00499.JPG,2020/04/30,"05:10:14,00",61.473835000,30.417536000,295.900,3.400,0.000,259.000,79.560
DSC00500.JPG,2020/04/30,"05:10:15,00",61.473740000,30.417080000,296.100,1.400,0.000,261.000,81.000
